{
    "kit": "0,0,0,0,0;0,1,0,1,0;0,0,0,0,2;0,0,3,0,0;0,0,3,0,0;",
  "kit_pose": {
  	"Translation":{
  		"x":-0.255,
  		"y":-0.81623,
  		"z":-0.1},
  	"Orientation":{
  		"x":0.0,
  		"y":0.0,
  		"z":0.1976573,
  		"w":0.9802712}
  		}
}
