{
    "kit": "0,0,0,0,1;0,0,0,0,2;0,0,0,0,3;0,0,0,0,1;0,0,0,0,2;",
  "kit_pose": {
  	"Translation":{
		"x":-0.1755,
		"y":-0.6169,
  		"z":-0.1},
  	"Orientation":{
  		"x":0.0,
  		"y":0.0,
  		"z":0.1976573,
  		"w":0.9802712}
  		}
}